file,label
test_0001.npy,-1
test_0002.npy,-1
test_0003.npy,-1
test_0004.npy,-1
test_0005.npy,-1
test_0006.npy,-1
test_0007.npy,-1
test_0008.npy,-1
test_0009.npy,-1
test_0010.npy,-1
test_0011.npy,-1
test_0012.npy,-1
test_0013.npy,-1
test_0014.npy,-1
test_0015.npy,-1
test_0016.npy,-1
test_0017.npy,-1
test_0018.npy,-1
test_0019.npy,-1
test_0020.npy,-1
test_0021.npy,-1
test_0022.npy,-1
test_0023.npy,-1
test_0024.npy,-1
test_0025.npy,-1
test_0026.npy,-1
test_0027.npy,-1
test_0028.npy,-1
test_0029.npy,-1
test_0030.npy,-1
test_0031.npy,-1
test_0032.npy,-1
test_0033.npy,-1
test_0034.npy,-1
test_0035.npy,-1
test_0036.npy,-1
test_0037.npy,-1
test_0038.npy,-1
test_0039.npy,-1
test_0040.npy,-1
test_0041.npy,-1
test_0042.npy,-1
test_0043.npy,-1
test_0044.npy,-1
test_0045.npy,-1
test_0046.npy,-1
test_0047.npy,-1
test_0048.npy,-1
test_0049.npy,-1
test_0050.npy,-1
test_0051.npy,-1
test_0052.npy,-1
test_0053.npy,-1
test_0054.npy,-1
test_0055.npy,-1
test_0056.npy,-1
test_0057.npy,-1
test_0058.npy,-1
test_0059.npy,-1
test_0060.npy,-1
test_0061.npy,-1
test_0062.npy,-1
test_0063.npy,-1
test_0064.npy,-1
test_0065.npy,-1
test_0066.npy,-1
test_0067.npy,-1
test_0068.npy,-1
test_0069.npy,-1
test_0070.npy,-1
test_0071.npy,-1
test_0072.npy,-1
test_0073.npy,-1
test_0074.npy,-1
test_0075.npy,-1
test_0076.npy,-1
test_0077.npy,-1
test_0078.npy,-1
test_0079.npy,-1
test_0080.npy,-1
test_0081.npy,-1
test_0082.npy,-1
test_0083.npy,-1
test_0084.npy,-1
test_0085.npy,-1
test_0086.npy,-1
test_0087.npy,-1
test_0088.npy,-1
test_0089.npy,-1
test_0090.npy,-1
test_0091.npy,-1
test_0092.npy,-1
test_0093.npy,-1
test_0094.npy,-1
test_0095.npy,-1
test_0096.npy,-1
test_0097.npy,-1
test_0098.npy,-1
test_0099.npy,-1
test_0100.npy,-1
test_0101.npy,-1
test_0102.npy,-1
test_0103.npy,-1
test_0104.npy,-1
test_0105.npy,-1
test_0106.npy,-1
test_0107.npy,-1
test_0108.npy,-1
test_0109.npy,-1
test_0110.npy,-1
test_0111.npy,-1
test_0112.npy,-1
test_0113.npy,-1
test_0114.npy,-1
test_0115.npy,-1
test_0116.npy,-1
test_0117.npy,-1
test_0118.npy,-1
test_0119.npy,-1
test_0120.npy,-1
test_0121.npy,-1
test_0122.npy,-1
test_0123.npy,-1
test_0124.npy,-1
test_0125.npy,-1
test_0126.npy,-1
test_0127.npy,-1
test_0128.npy,-1
test_0129.npy,-1
test_0130.npy,-1
test_0131.npy,-1
test_0132.npy,-1
test_0133.npy,-1
test_0134.npy,-1
test_0135.npy,-1
test_0136.npy,-1
test_0137.npy,-1
test_0138.npy,-1
test_0139.npy,-1
test_0140.npy,-1
test_0141.npy,-1
test_0142.npy,-1
test_0143.npy,-1
test_0144.npy,-1
test_0145.npy,-1
test_0146.npy,-1
test_0147.npy,-1
test_0148.npy,-1
test_0149.npy,-1
test_0150.npy,-1
test_0151.npy,-1
test_0152.npy,-1
test_0153.npy,-1
test_0154.npy,-1
test_0155.npy,-1
test_0156.npy,-1
test_0157.npy,-1
test_0158.npy,-1
test_0159.npy,-1
test_0160.npy,-1
test_0161.npy,-1
test_0162.npy,-1
test_0163.npy,-1
test_0164.npy,-1
test_0165.npy,-1
test_0166.npy,-1
test_0167.npy,-1
test_0168.npy,-1
test_0169.npy,-1
test_0170.npy,-1
test_0171.npy,-1
test_0172.npy,-1
test_0173.npy,-1
test_0174.npy,-1
test_0175.npy,-1
test_0176.npy,-1
test_0177.npy,-1
test_0178.npy,-1
test_0179.npy,-1
test_0180.npy,-1
test_0181.npy,-1
test_0182.npy,-1
test_0183.npy,-1
test_0184.npy,-1
test_0185.npy,-1
test_0186.npy,-1
test_0187.npy,-1
test_0188.npy,-1
test_0189.npy,-1
test_0190.npy,-1
test_0191.npy,-1
test_0192.npy,-1
test_0193.npy,-1
test_0194.npy,-1
test_0195.npy,-1
test_0196.npy,-1
test_0197.npy,-1
test_0198.npy,-1
test_0199.npy,-1
test_0200.npy,-1
test_0201.npy,-1
test_0202.npy,-1
test_0203.npy,-1
test_0204.npy,-1
test_0205.npy,-1
test_0206.npy,-1
test_0207.npy,-1
test_0208.npy,-1
test_0209.npy,-1
test_0210.npy,-1
test_0211.npy,-1
test_0212.npy,-1
test_0213.npy,-1
test_0214.npy,-1
test_0215.npy,-1
test_0216.npy,-1
test_0217.npy,-1
test_0218.npy,-1
test_0219.npy,-1
test_0220.npy,-1
test_0221.npy,-1
test_0222.npy,-1
test_0223.npy,-1
test_0224.npy,-1
test_0225.npy,-1
test_0226.npy,-1
test_0227.npy,-1
test_0228.npy,-1
test_0229.npy,-1
test_0230.npy,-1
test_0231.npy,-1
test_0232.npy,-1
test_0233.npy,-1
test_0234.npy,-1
test_0235.npy,-1
test_0236.npy,-1
test_0237.npy,-1
test_0238.npy,-1
test_0239.npy,-1
test_0240.npy,-1
test_0241.npy,-1
test_0242.npy,-1
test_0243.npy,-1
test_0244.npy,-1
test_0245.npy,-1
test_0246.npy,-1
test_0247.npy,-1
test_0248.npy,-1
test_0249.npy,-1
test_0250.npy,-1
test_0251.npy,-1
test_0252.npy,-1
test_0253.npy,-1
test_0254.npy,-1
test_0255.npy,-1
test_0256.npy,-1
test_0257.npy,-1
test_0258.npy,-1
test_0259.npy,-1
test_0260.npy,-1
test_0261.npy,-1
test_0262.npy,-1
test_0263.npy,-1
test_0264.npy,-1
test_0265.npy,-1
test_0266.npy,-1
test_0267.npy,-1
test_0268.npy,-1
test_0269.npy,-1
test_0270.npy,-1
test_0271.npy,-1
test_0272.npy,-1
test_0273.npy,-1
test_0274.npy,-1
test_0275.npy,-1
test_0276.npy,-1
test_0277.npy,-1
test_0278.npy,-1
test_0279.npy,-1
test_0280.npy,-1
test_0281.npy,-1
test_0282.npy,-1
test_0283.npy,-1
test_0284.npy,-1
test_0285.npy,-1
test_0286.npy,-1
test_0287.npy,-1
test_0288.npy,-1
test_0289.npy,-1
test_0290.npy,-1
test_0291.npy,-1
test_0292.npy,-1
test_0293.npy,-1
test_0294.npy,-1
test_0295.npy,-1
test_0296.npy,-1
test_0297.npy,-1
test_0298.npy,-1
test_0299.npy,-1
test_0300.npy,-1
test_0301.npy,-1
test_0302.npy,-1
test_0303.npy,-1
test_0304.npy,-1
test_0305.npy,-1
test_0306.npy,-1
test_0307.npy,-1
test_0308.npy,-1
test_0309.npy,-1
test_0310.npy,-1
test_0311.npy,-1
test_0312.npy,-1
test_0313.npy,-1
test_0314.npy,-1
test_0315.npy,-1
test_0316.npy,-1
test_0317.npy,-1
test_0318.npy,-1
test_0319.npy,-1
test_0320.npy,-1
test_0321.npy,-1
test_0322.npy,-1
test_0323.npy,-1
test_0324.npy,-1
test_0325.npy,-1
test_0326.npy,-1
test_0327.npy,-1
test_0328.npy,-1
test_0329.npy,-1
test_0330.npy,-1
test_0331.npy,-1
test_0332.npy,-1
test_0333.npy,-1
test_0334.npy,-1
test_0335.npy,-1
test_0336.npy,-1
test_0337.npy,-1
test_0338.npy,-1
test_0339.npy,-1
test_0340.npy,-1
test_0341.npy,-1
test_0342.npy,-1
test_0343.npy,-1
test_0344.npy,-1
test_0345.npy,-1
test_0346.npy,-1
test_0347.npy,-1
test_0348.npy,-1
test_0349.npy,-1
test_0350.npy,-1
test_0351.npy,-1
test_0352.npy,-1
test_0353.npy,-1
test_0354.npy,-1
test_0355.npy,-1
test_0356.npy,-1
test_0357.npy,-1
test_0358.npy,-1
test_0359.npy,-1
test_0360.npy,-1
test_0361.npy,-1
test_0362.npy,-1
test_0363.npy,-1
test_0364.npy,-1
test_0365.npy,-1
test_0366.npy,-1
test_0367.npy,-1
test_0368.npy,-1
test_0369.npy,-1
test_0370.npy,-1
test_0371.npy,-1
test_0372.npy,-1
test_0373.npy,-1
test_0374.npy,-1
test_0375.npy,-1
test_0376.npy,-1
test_0377.npy,-1
test_0378.npy,-1
test_0379.npy,-1
test_0380.npy,-1
test_0381.npy,-1
test_0382.npy,-1
test_0383.npy,-1
test_0384.npy,-1
test_0385.npy,-1
test_0386.npy,-1
test_0387.npy,-1
test_0388.npy,-1
test_0389.npy,-1
test_0390.npy,-1
test_0391.npy,-1
test_0392.npy,-1
test_0393.npy,-1
test_0394.npy,-1
test_0395.npy,-1
test_0396.npy,-1
test_0397.npy,-1
test_0398.npy,-1
test_0399.npy,-1
test_0400.npy,-1
test_0401.npy,-1
test_0402.npy,-1
test_0403.npy,-1
test_0404.npy,-1
test_0405.npy,-1
test_0406.npy,-1
test_0407.npy,-1
test_0408.npy,-1
test_0409.npy,-1
test_0410.npy,-1
test_0411.npy,-1
test_0412.npy,-1
test_0413.npy,-1
test_0414.npy,-1
test_0415.npy,-1
test_0416.npy,-1
test_0417.npy,-1
test_0418.npy,-1
test_0419.npy,-1
test_0420.npy,-1
test_0421.npy,-1
test_0422.npy,-1
test_0423.npy,-1
test_0424.npy,-1
test_0425.npy,-1
test_0426.npy,-1
test_0427.npy,-1
test_0428.npy,-1
test_0429.npy,-1
test_0430.npy,-1
test_0431.npy,-1
test_0432.npy,-1
test_0433.npy,-1
test_0434.npy,-1
test_0435.npy,-1
test_0436.npy,-1
test_0437.npy,-1
test_0438.npy,-1
test_0439.npy,-1
test_0440.npy,-1
test_0441.npy,-1
test_0442.npy,-1
test_0443.npy,-1
test_0444.npy,-1
test_0445.npy,-1
test_0446.npy,-1
test_0447.npy,-1
test_0448.npy,-1
test_0449.npy,-1
test_0450.npy,-1
test_0451.npy,-1
test_0452.npy,-1
test_0453.npy,-1
test_0454.npy,-1
test_0455.npy,-1
test_0456.npy,-1
test_0457.npy,-1
test_0458.npy,-1
test_0459.npy,-1
test_0460.npy,-1
test_0461.npy,-1
test_0462.npy,-1
test_0463.npy,-1
test_0464.npy,-1
test_0465.npy,-1
test_0466.npy,-1
test_0467.npy,-1
test_0468.npy,-1
test_0469.npy,-1
test_0470.npy,-1
test_0471.npy,-1
test_0472.npy,-1
test_0473.npy,-1
test_0474.npy,-1
test_0475.npy,-1
test_0476.npy,-1
test_0477.npy,-1
test_0478.npy,-1
test_0479.npy,-1
test_0480.npy,-1
test_0481.npy,-1
test_0482.npy,-1
test_0483.npy,-1
test_0484.npy,-1
test_0485.npy,-1
test_0486.npy,-1
test_0487.npy,-1
test_0488.npy,-1
test_0489.npy,-1
test_0490.npy,-1
test_0491.npy,-1
test_0492.npy,-1
test_0493.npy,-1
test_0494.npy,-1
test_0495.npy,-1
test_0496.npy,-1
test_0497.npy,-1
test_0498.npy,-1
test_0499.npy,-1
test_0500.npy,-1
test_0501.npy,-1
test_0502.npy,-1
test_0503.npy,-1
test_0504.npy,-1
test_0505.npy,-1
test_0506.npy,-1
test_0507.npy,-1
test_0508.npy,-1
test_0509.npy,-1
test_0510.npy,-1
test_0511.npy,-1
test_0512.npy,-1
test_0513.npy,-1
test_0514.npy,-1
test_0515.npy,-1
test_0516.npy,-1
test_0517.npy,-1
test_0518.npy,-1
test_0519.npy,-1
test_0520.npy,-1
test_0521.npy,-1
test_0522.npy,-1
test_0523.npy,-1
test_0524.npy,-1
test_0525.npy,-1
test_0526.npy,-1
test_0527.npy,-1
test_0528.npy,-1
test_0529.npy,-1
test_0530.npy,-1
test_0531.npy,-1
test_0532.npy,-1
test_0533.npy,-1
test_0534.npy,-1
test_0535.npy,-1
test_0536.npy,-1
test_0537.npy,-1
test_0538.npy,-1
test_0539.npy,-1
test_0540.npy,-1
test_0541.npy,-1
test_0542.npy,-1
test_0543.npy,-1
test_0544.npy,-1
test_0545.npy,-1
test_0546.npy,-1
test_0547.npy,-1
test_0548.npy,-1
test_0549.npy,-1
test_0550.npy,-1
test_0551.npy,-1
test_0552.npy,-1
test_0553.npy,-1
test_0554.npy,-1
test_0555.npy,-1
test_0556.npy,-1
test_0557.npy,-1
test_0558.npy,-1
test_0559.npy,-1
test_0560.npy,-1
test_0561.npy,-1
test_0562.npy,-1
test_0563.npy,-1
test_0564.npy,-1
test_0565.npy,-1
test_0566.npy,-1
test_0567.npy,-1
test_0568.npy,-1
test_0569.npy,-1
test_0570.npy,-1
test_0571.npy,-1
test_0572.npy,-1
test_0573.npy,-1
test_0574.npy,-1
test_0575.npy,-1
test_0576.npy,-1
test_0577.npy,-1
test_0578.npy,-1
test_0579.npy,-1
test_0580.npy,-1
test_0581.npy,-1
test_0582.npy,-1
test_0583.npy,-1
test_0584.npy,-1
test_0585.npy,-1
test_0586.npy,-1
test_0587.npy,-1
test_0588.npy,-1
test_0589.npy,-1
test_0590.npy,-1
test_0591.npy,-1
test_0592.npy,-1
test_0593.npy,-1
test_0594.npy,-1
test_0595.npy,-1
test_0596.npy,-1
test_0597.npy,-1
test_0598.npy,-1
test_0599.npy,-1
test_0600.npy,-1
test_0601.npy,-1
test_0602.npy,-1
test_0603.npy,-1
test_0604.npy,-1
test_0605.npy,-1
test_0606.npy,-1
test_0607.npy,-1
test_0608.npy,-1
test_0609.npy,-1
test_0610.npy,-1
test_0611.npy,-1
test_0612.npy,-1
test_0613.npy,-1
test_0614.npy,-1
test_0615.npy,-1
test_0616.npy,-1
test_0617.npy,-1
test_0618.npy,-1
test_0619.npy,-1
test_0620.npy,-1
test_0621.npy,-1
test_0622.npy,-1
test_0623.npy,-1
test_0624.npy,-1
test_0625.npy,-1
test_0626.npy,-1
test_0627.npy,-1
test_0628.npy,-1
test_0629.npy,-1
test_0630.npy,-1
test_0631.npy,-1
test_0632.npy,-1
test_0633.npy,-1
test_0634.npy,-1
test_0635.npy,-1
test_0636.npy,-1
test_0637.npy,-1
test_0638.npy,-1
test_0639.npy,-1
test_0640.npy,-1
test_0641.npy,-1
test_0642.npy,-1
test_0643.npy,-1
test_0644.npy,-1
test_0645.npy,-1
test_0646.npy,-1
test_0647.npy,-1
test_0648.npy,-1
test_0649.npy,-1
test_0650.npy,-1
test_0651.npy,-1
test_0652.npy,-1
test_0653.npy,-1
test_0654.npy,-1
test_0655.npy,-1
test_0656.npy,-1
test_0657.npy,-1
test_0658.npy,-1
test_0659.npy,-1
test_0660.npy,-1
test_0661.npy,-1
test_0662.npy,-1
test_0663.npy,-1
test_0664.npy,-1
test_0665.npy,-1
test_0666.npy,-1
test_0667.npy,-1
test_0668.npy,-1
test_0669.npy,-1
test_0670.npy,-1
test_0671.npy,-1
test_0672.npy,-1
test_0673.npy,-1
test_0674.npy,-1
test_0675.npy,-1
test_0676.npy,-1
test_0677.npy,-1
test_0678.npy,-1
test_0679.npy,-1
test_0680.npy,-1
test_0681.npy,-1
test_0682.npy,-1
test_0683.npy,-1
test_0684.npy,-1
test_0685.npy,-1
test_0686.npy,-1
test_0687.npy,-1
test_0688.npy,-1
test_0689.npy,-1
test_0690.npy,-1
test_0691.npy,-1
test_0692.npy,-1
test_0693.npy,-1
test_0694.npy,-1
test_0695.npy,-1
test_0696.npy,-1
test_0697.npy,-1
test_0698.npy,-1
test_0699.npy,-1
test_0700.npy,-1
test_0701.npy,-1
test_0702.npy,-1
test_0703.npy,-1
test_0704.npy,-1
test_0705.npy,-1
test_0706.npy,-1
test_0707.npy,-1
test_0708.npy,-1
test_0709.npy,-1
test_0710.npy,-1
test_0711.npy,-1
test_0712.npy,-1
test_0713.npy,-1
test_0714.npy,-1
test_0715.npy,-1
test_0716.npy,-1
test_0717.npy,-1
test_0718.npy,-1
test_0719.npy,-1
test_0720.npy,-1
test_0721.npy,-1
test_0722.npy,-1
test_0723.npy,-1
test_0724.npy,-1
test_0725.npy,-1
test_0726.npy,-1
test_0727.npy,-1
test_0728.npy,-1
test_0729.npy,-1
test_0730.npy,-1
test_0731.npy,-1
test_0732.npy,-1
test_0733.npy,-1
test_0734.npy,-1
test_0735.npy,-1
test_0736.npy,-1
test_0737.npy,-1
test_0738.npy,-1
test_0739.npy,-1
test_0740.npy,-1
test_0741.npy,-1
test_0742.npy,-1
test_0743.npy,-1
test_0744.npy,-1
test_0745.npy,-1
test_0746.npy,-1
test_0747.npy,-1
test_0748.npy,-1
test_0749.npy,-1
test_0750.npy,-1
test_0751.npy,-1
test_0752.npy,-1
test_0753.npy,-1
test_0754.npy,-1
test_0755.npy,-1
test_0756.npy,-1
test_0757.npy,-1
test_0758.npy,-1
test_0759.npy,-1
test_0760.npy,-1
test_0761.npy,-1
test_0762.npy,-1
test_0763.npy,-1
test_0764.npy,-1
test_0765.npy,-1
test_0766.npy,-1
test_0767.npy,-1
test_0768.npy,-1
test_0769.npy,-1
test_0770.npy,-1
test_0771.npy,-1
test_0772.npy,-1
test_0773.npy,-1
test_0774.npy,-1
test_0775.npy,-1
test_0776.npy,-1
test_0777.npy,-1
test_0778.npy,-1
test_0779.npy,-1
test_0780.npy,-1
test_0781.npy,-1
test_0782.npy,-1
test_0783.npy,-1
test_0784.npy,-1
test_0785.npy,-1
test_0786.npy,-1
test_0787.npy,-1
test_0788.npy,-1
test_0789.npy,-1
test_0790.npy,-1
test_0791.npy,-1
test_0792.npy,-1
test_0793.npy,-1
test_0794.npy,-1
test_0795.npy,-1
test_0796.npy,-1
test_0797.npy,-1
test_0798.npy,-1
test_0799.npy,-1
test_0800.npy,-1
test_0801.npy,-1
test_0802.npy,-1
test_0803.npy,-1
test_0804.npy,-1
test_0805.npy,-1
test_0806.npy,-1
test_0807.npy,-1
test_0808.npy,-1
test_0809.npy,-1
test_0810.npy,-1
test_0811.npy,-1
test_0812.npy,-1
test_0813.npy,-1
test_0814.npy,-1
test_0815.npy,-1
test_0816.npy,-1
test_0817.npy,-1
test_0818.npy,-1
test_0819.npy,-1
test_0820.npy,-1
test_0821.npy,-1
test_0822.npy,-1
test_0823.npy,-1
test_0824.npy,-1
test_0825.npy,-1
test_0826.npy,-1
test_0827.npy,-1
test_0828.npy,-1
test_0829.npy,-1
test_0830.npy,-1
test_0831.npy,-1
test_0832.npy,-1
test_0833.npy,-1
test_0834.npy,-1
test_0835.npy,-1
test_0836.npy,-1
test_0837.npy,-1
test_0838.npy,-1
test_0839.npy,-1
test_0840.npy,-1
test_0841.npy,-1
test_0842.npy,-1
test_0843.npy,-1
test_0844.npy,-1
test_0845.npy,-1
test_0846.npy,-1
test_0847.npy,-1
test_0848.npy,-1
test_0849.npy,-1
test_0850.npy,-1
test_0851.npy,-1
test_0852.npy,-1
test_0853.npy,-1
test_0854.npy,-1
test_0855.npy,-1
test_0856.npy,-1
test_0857.npy,-1
test_0858.npy,-1
test_0859.npy,-1
test_0860.npy,-1
test_0861.npy,-1
test_0862.npy,-1
test_0863.npy,-1
test_0864.npy,-1
test_0865.npy,-1
test_0866.npy,-1
test_0867.npy,-1
test_0868.npy,-1
test_0869.npy,-1
test_0870.npy,-1
test_0871.npy,-1
test_0872.npy,-1
test_0873.npy,-1
test_0874.npy,-1
test_0875.npy,-1
test_0876.npy,-1
test_0877.npy,-1
test_0878.npy,-1
test_0879.npy,-1
test_0880.npy,-1
test_0881.npy,-1
test_0882.npy,-1
test_0883.npy,-1
test_0884.npy,-1
test_0885.npy,-1
test_0886.npy,-1
test_0887.npy,-1
test_0888.npy,-1
test_0889.npy,-1
test_0890.npy,-1
test_0891.npy,-1
test_0892.npy,-1
test_0893.npy,-1
test_0894.npy,-1
test_0895.npy,-1
test_0896.npy,-1
test_0897.npy,-1
test_0898.npy,-1
test_0899.npy,-1
test_0900.npy,-1
test_0901.npy,-1
test_0902.npy,-1
test_0903.npy,-1
test_0904.npy,-1
test_0905.npy,-1
test_0906.npy,-1
test_0907.npy,-1
test_0908.npy,-1
test_0909.npy,-1
test_0910.npy,-1
test_0911.npy,-1
test_0912.npy,-1
test_0913.npy,-1
test_0914.npy,-1
test_0915.npy,-1
test_0916.npy,-1
test_0917.npy,-1
test_0918.npy,-1
test_0919.npy,-1
test_0920.npy,-1
test_0921.npy,-1
test_0922.npy,-1
test_0923.npy,-1
test_0924.npy,-1
test_0925.npy,-1
test_0926.npy,-1
test_0927.npy,-1
test_0928.npy,-1
test_0929.npy,-1
test_0930.npy,-1
test_0931.npy,-1
test_0932.npy,-1
test_0933.npy,-1
test_0934.npy,-1
test_0935.npy,-1
test_0936.npy,-1
test_0937.npy,-1
test_0938.npy,-1
test_0939.npy,-1
test_0940.npy,-1
test_0941.npy,-1
test_0942.npy,-1
test_0943.npy,-1
test_0944.npy,-1
test_0945.npy,-1
test_0946.npy,-1
test_0947.npy,-1
test_0948.npy,-1
test_0949.npy,-1
test_0950.npy,-1
test_0951.npy,-1
test_0952.npy,-1
test_0953.npy,-1
test_0954.npy,-1
test_0955.npy,-1
test_0956.npy,-1
test_0957.npy,-1
test_0958.npy,-1
test_0959.npy,-1
test_0960.npy,-1
test_0961.npy,-1
test_0962.npy,-1
test_0963.npy,-1
test_0964.npy,-1
test_0965.npy,-1
test_0966.npy,-1
test_0967.npy,-1
test_0968.npy,-1
test_0969.npy,-1
test_0970.npy,-1
test_0971.npy,-1
test_0972.npy,-1
test_0973.npy,-1
test_0974.npy,-1
test_0975.npy,-1
test_0976.npy,-1
test_0977.npy,-1
test_0978.npy,-1
test_0979.npy,-1
test_0980.npy,-1
test_0981.npy,-1
test_0982.npy,-1
test_0983.npy,-1
test_0984.npy,-1
test_0985.npy,-1
test_0986.npy,-1
test_0987.npy,-1
test_0988.npy,-1
test_0989.npy,-1
test_0990.npy,-1
test_0991.npy,-1
test_0992.npy,-1
test_0993.npy,-1
test_0994.npy,-1
test_0995.npy,-1
test_0996.npy,-1
test_0997.npy,-1
test_0998.npy,-1
test_0999.npy,-1
test_1000.npy,-1
test_1001.npy,-1
test_1002.npy,-1
test_1003.npy,-1
test_1004.npy,-1
test_1005.npy,-1
test_1006.npy,-1
test_1007.npy,-1
test_1008.npy,-1
test_1009.npy,-1
test_1010.npy,-1
test_1011.npy,-1
test_1012.npy,-1
test_1013.npy,-1
test_1014.npy,-1
test_1015.npy,-1
test_1016.npy,-1
test_1017.npy,-1
test_1018.npy,-1
test_1019.npy,-1
test_1020.npy,-1
test_1021.npy,-1
test_1022.npy,-1
test_1023.npy,-1
test_1024.npy,-1
test_1025.npy,-1
test_1026.npy,-1
test_1027.npy,-1
test_1028.npy,-1
test_1029.npy,-1
test_1030.npy,-1
test_1031.npy,-1
test_1032.npy,-1
test_1033.npy,-1
test_1034.npy,-1
test_1035.npy,-1
test_1036.npy,-1
test_1037.npy,-1
test_1038.npy,-1
test_1039.npy,-1
test_1040.npy,-1
test_1041.npy,-1
test_1042.npy,-1
test_1043.npy,-1
test_1044.npy,-1
test_1045.npy,-1
test_1046.npy,-1
test_1047.npy,-1
test_1048.npy,-1
test_1049.npy,-1
test_1050.npy,-1
test_1051.npy,-1
test_1052.npy,-1
test_1053.npy,-1
test_1054.npy,-1
test_1055.npy,-1
test_1056.npy,-1
test_1057.npy,-1
test_1058.npy,-1
test_1059.npy,-1
test_1060.npy,-1
test_1061.npy,-1
test_1062.npy,-1
test_1063.npy,-1
test_1064.npy,-1
test_1065.npy,-1
test_1066.npy,-1
test_1067.npy,-1
test_1068.npy,-1
test_1069.npy,-1
test_1070.npy,-1
test_1071.npy,-1
test_1072.npy,-1
test_1073.npy,-1
test_1074.npy,-1
test_1075.npy,-1
test_1076.npy,-1
test_1077.npy,-1
test_1078.npy,-1
test_1079.npy,-1
test_1080.npy,-1
test_1081.npy,-1
test_1082.npy,-1
test_1083.npy,-1
test_1084.npy,-1
test_1085.npy,-1
test_1086.npy,-1
test_1087.npy,-1
test_1088.npy,-1
test_1089.npy,-1
test_1090.npy,-1
test_1091.npy,-1
test_1092.npy,-1
test_1093.npy,-1
test_1094.npy,-1
test_1095.npy,-1
test_1096.npy,-1
test_1097.npy,-1
test_1098.npy,-1
test_1099.npy,-1
test_1100.npy,-1
test_1101.npy,-1
test_1102.npy,-1
test_1103.npy,-1
test_1104.npy,-1
test_1105.npy,-1
test_1106.npy,-1
test_1107.npy,-1
test_1108.npy,-1
test_1109.npy,-1
test_1110.npy,-1
test_1111.npy,-1
test_1112.npy,-1
test_1113.npy,-1
test_1114.npy,-1
test_1115.npy,-1
